station_id,venue_count,avg_distance
0013e5d100f68121835052a381ab2f23,20,217.25
0040082e616edec293c0c74fcbf825c4,20,176.0
00b7595b843f69c9041fca9e4e84700b,3,369.6666666666667
00c210cb99cf9d1b923c1548938aee56,20,147.05
00c84f03ca5970eaa144ed6867d1e2b9,5,219.0
00d9a9cfbe247f789b2354e2f4251c14,20,144.7
00e29ec2eb64a7c141edf1729b02cfd0,20,138.4
014e10dba2d92bd20c826b88864dc6b6,20,180.9
01eb2ebf1d0478ffdc9ea49c43a4b7ae,9,230.66666666666666
01f9b7e63833ad61e80a7963e2ad9b25,13,262.84615384615387
02044f52405851c50980c20964349a5d,20,201.2
0217b73736addb107209816f03000a18,11,384.1818181818182
0243c740e1d4fe272e0c414cdd900c7d,12,339.1666666666667
0274ec7d6cd70a5f7e5fc21edc47b801,20,165.7
03306a21cafcf901fa4a45504a834c72,20,273.5
035f64853a0a8204e33cb4a10898068e,20,228.4
0366a94e06c77055841607882a40a484,20,391.15
038c0e9e703623cef62123e5e5d4a5d2,20,289.1
03b603c4b20174089f79116554c9c199,20,375.55
0443c94a529a06a28f0d1cc3f287b74f,2,355.5
0452673f5a00e6632a35b91e7aa195cb,9,386.8888888888889
04c57a547249150f2e0fea6c07bd3037,9,341.77777777777777
04ebd17e6953392a76c763787d4e8970,12,320.1666666666667
04f6eaaa0d7993020973687c13f41663,15,193.33333333333334
052eb3e7422cdd1cdc5d555cf8d05c98,20,123.65
05b5b355a4772304d10c45029d08deb0,20,287.15
05b85e5c98d9b14b3c7bcfbb8e60723b,2,469.5
05d84e15f73c72c1037f6c978bffe09e,5,316.2
068b8514c4f15a3d822da22705e1906c,20,285.75
069fc3a3bf5c8c49c7f8df245717a550,1,171.0
070d632adc6f3a46d7b038b5ec82abb6,12,324.75
07151bf35f8c11187f1e4e0c0311b250,20,359.6
07641a3e5c3bf80c2cd594092c8cce3a,10,294.4
07c7d44ac97d0906af2e27a24fd56b13,8,280.625
07f0abcb10ec09105ffaa1d6cbb3ab14,20,327.15
0804af1a0607c5aff81fae6d4bab8fc7,20,212.45
087ebaee08c22fcceddf4c659711fc06,20,180.6
0960bf3c2e9be92bd03fd80c49bf720f,14,355.14285714285717
09cef143d6e60e226015fbdf71c2d345,12,282.0
09fe2c61fe35c26c42e876ca291f8984,15,346.8666666666667
0a3aa715457ea0c777ddd396228eafd1,20,122.75
0a7c87358ddb6f559572c8f955f78b6b,17,279.1764705882353
0aca46eec30a812600d7301e3a20bbdb,7,308.7142857142857
0aea5f45651fb70965abe21905a4f66e,20,112.8
0aedabffd74cb17524a08ef1f6b336f9,11,261.72727272727275
0b43d5b25082fcf948a599c9c2f004ad,3,200.33333333333334
0be6c84da0a9a2f60bf622c28f4edd84,20,161.3
0bfb7384b255c89b94b68ee5f227a792,19,246.89473684210526
0c2a4ecc9f51dd227f050651ae2dd6fe,16,246.3125
0c39a4c5f95f416e549a6566c8cd770f,18,245.72222222222223
0c39d8324b1c229164d989f1213e0c9c,2,443.5
0c4d11a853835ae0b81cedba3bbb0d4b,6,349.0
0c9cd68aa1bd69a080463ce7f302337c,20,259.55
0cc110260f90b08675fba8b904866c5c,9,277.1111111111111
0ce40af037ac8bf1d3716fcb53e235b1,20,172.5
0cec55982f31df0229705d5ca30e992d,20,249.15
0d1897d24311f82d67d5b84eb21b9c12,20,293.65
0d4d6ab1ff41bf892ecbb0e09a8e2f40,6,215.83333333333334
0d4eff17975078517d6779b678d99fa3,20,324.9
0d5e983afcb3ea84258de6eb06949510,2,420.0
0d85a8b42758ac57f207a20d58279fba,5,229.4
0d8efe4b37feb8a21151875bed21430d,2,437.5
0da087166a30e11c66a497de37fbf4e5,14,293.35714285714283
0daffa0f2290fcf3a58b579d914c16cc,20,243.8
0dc51758d1fa3f735ae6aceec2ebbccd,2,354.5
0dcaca1327f9e25a991cda59b2f33ac5,9,294.44444444444446
0e03e4efa8fdf0cb2286f9e3c23ba941,5,325.8
0e3974640bb81dad6105ccde34c49e0d,12,324.6666666666667
0e3b6af52859bc94cc7117506bfd08c7,20,240.05
0ee14b7beea8a04c2f0e034ea91f5c02,19,280.10526315789474
0f6c329d4b1698d14850df135455d421,20,173.95
0fa99359bc75b0df44be4a84a6f10cbb,20,253.65
0fccbe1496179787fe01bb64e51778da,20,176.75
1013ec013026d8e51b4e126c5c72c5c8,20,268.05
107a8ed5f45eb111d96ce7f4a370c807,20,311.45
1082604365572209e09718f6690249b1,10,393.3
108c6680e8a6c617b309578a1cab29c9,3,448.0
10a32e00bc65e9fb33eef10d6e3e75e9,7,469.14285714285717
112442aab81079901512a6946b62585f,20,333.65
114edd30245c9b7ae8dedcc2d22fc398,5,314.0
11b771d4db8d077fa79c2e42853f2339,7,400.14285714285717
11d363d4c7897a1b189b265e387fb871,3,196.33333333333334
11e59e3e7821d495304f9959cac4209b,20,221.4
1206ac092d556059549010db47abaf52,20,195.15
126735d125a23869138e84406c649155,2,211.5
12d398be5955fed8787b107d04ba8cab,20,233.45
13644fc87d5bae7c6738fba71a62d02c,4,214.25
137a01aa1e312a4f5c8c87fa2c2703cb,20,113.55
1423a9915aee85faaf67acb0b093723d,20,155.15
142fb76554296a860f446517893598f9,3,420.6666666666667
14313ece3fba0c9be8615f400fd8980c,20,233.0
1446c8adecbae238d6ccc342d46e604b,6,409.3333333333333
144e4a6df61af70397225152a9bd64cd,6,257.6666666666667
1461a02f003268b78a89d6ad0ac551dd,3,156.66666666666666
1469c136bd5b7cecb99703bfdeaeda8b,20,297.65
148bf4b9682ac2b13fc0bb23e549c1c1,20,201.5
1522eb2ccd25f0afd8347e3766ae3e45,20,154.9
15574ce25f4b46ed467bf54770f87b76,2,85.0
15b463fed646dd685bc3fb1e1e5d2de2,20,219.8
15f3a0b338dba26f99a8df6fab3fdbc7,18,394.72222222222223
167e7c9bdddcd7aa983b61a4f6aaa265,3,402.6666666666667
16a02da5dfbb9169ba09818f80797447,20,88.25
16fb65f48b8435b23e10d3e232fd5f0c,20,119.4
176c08a22b1509e0e8df44e9ead48d85,20,313.9
17be2f8f5808ea2980f56a1a19273084,20,121.6
1831366106024824889263dc65122766,4,423.5
1878135d03fa93303d3301dc9bac05cf,20,208.75
1888f0eb6f4badb4ba7b86a11dc9f014,1,435.0
189bb3895ea960f86f4f883b9c3778f4,20,172.3
194e4f5ad2d202fad26fed69af6db071,20,236.95
1972d2e57a368e7c442b2019e5db5461,8,330.625
19c727134141c178c70295a70f778317,20,215.15
19f1df34d9b117ae604c95591cf3e129,1,137.0
1a358278c58dc28e4da1871f14ccacb9,20,296.7
1a6cce3eab1bb6fe36200756ff663389,6,334.5
1ab036620d1ba6d8e205d99b44ef1a5b,1,165.0
1b017988cd9910cf78c22e60ff28cb2f,8,264.875
1b0daa6bbceb837256cb90f0686521c5,2,188.0
1b4e99760f4007a289ef12126349d2fe,1,486.0
1c05683a4675c3de48297fdef6870e62,10,269.4
1c50b5854629d53f1eeb1e0732074038,20,142.85
1c5d4ba80389fafb75d31d3485e0487d,3,249.0
1d33d8f2ef82be88498c6314d7d4c457,20,313.35
1d38a0290789c5fa0573e9f01937d23e,15,246.8
1e1ecf19553e38937092dbb1081fc6b0,8,284.375
1e2c0e04e52f776287eed225a5a2382a,6,432.8333333333333
1e35b33de4e369aeedcdd6de0f62c2cb,20,153.05
1ea56d71c39cd0e2a2ccc6061b5cbe68,8,414.375
1f168a2835920f593c6f64459d0bd893,4,396.0
1f663a5fe8a59077b3b1acef1408dbf2,2,281.5
1f7793b1b7e1c83f11792bddb10e297a,4,406.0
1f7deeaa21159a7e183915b23c21ac81,9,323.55555555555554
1f96d87b02f5ddf8831c2d5f2473b0a8,4,375.75
1fc2ed88732a2c73dad4e4a4dc1c0212,5,351.2
1fefddadf6dab1b29ac4d1759d4ea7a5,13,254.30769230769232
1ff33fd73e2add3c30fcd821850dccd3,8,199.125
20337f912d744698fe7062d1d17badb6,13,395.53846153846155
20f7dc366cab76a84531b65e16252f5b,8,285.125
210bb64df496d2f79181a4c8be41419d,20,333.7
210bc54814f1bfa31dbcc85a81a5d434,20,227.35
21162a6cdfa70ac960742617c5d5aafa,13,390.0
213306574dd0b3ed76cfda4a92b8b355,20,320.5
216e3128e99a39af1fb27da04558b27f,19,407.2105263157895
21d9d24647dcc3b94fc4d77ad836c12f,11,370.1818181818182
2203b1d78848ffe20d0ed9d29d7dce2e,3,145.33333333333334
221caf600623cc016038249d856a7a62,1,183.0
22b4a3c40dd230168c9aea809bea77ee,5,198.0
22b842162bfbba05f11a7a7810ba8b7a,19,316.2105263157895
239fa44869dc781736051236945c1ac6,20,296.9
23a2852bdcd316d3a09bc9b72aed633c,8,333.75
23f1b244e618444f565f402a81c585d6,2,336.0
2476230f8d661fdb5367ed2c2d41d4b1,20,113.2
249f1231d93aa589fc7d85b327cfbdc8,20,405.3
24d1ea2a2540f25a0cd8651a3d7b4402,4,411.5
24d6cf55dd9c36caa1aac57ea06d80d7,20,164.85
251c1026721c2b86f0c7b68be5992fdf,10,349.3
2520e15efaf9253232c7bc7a4e181a42,20,264.25
2543ea24b3c88ef516b925e0a9233d07,16,262.5
25db3ab71ecaf5dc56f934c637c1a542,1,481.0
26141dc97cf91e1003a500841cc56b6c,3,325.0
267b809394e2dd9fdd7924b7cceda261,20,93.15
26957ad53ab3ebd6990e3769d12a2166,12,372.5
26aa0933324c9525e24f3b802787f507,11,293.45454545454544
27064168fabfe462923c7d8fe7021aa6,1,54.0
27664eb30b56774476616bd5f1ddc0de,5,441.8
278e51e3bb2d95cf556a62edff8f95ec,2,415.0
280dcc4fb16fbc4e20a10eba58cfce6f,16,384.625
2844a2efd8321312f9ef613580e66219,20,141.15
286671379fa925e68543ac801281068b,9,264.55555555555554
291a39c8d55173232b04e380faa98711,20,366.4
2951f31afcc77b456af1a7be8b6010ac,1,424.0
2afa5fecbdfebe7a3aad9070498319ab,6,328.6666666666667
2b25484ef818ccbdc7fcffa35d738af1,20,139.3
2b315425e18f16fa60831f1b3c3404fc,13,350.3076923076923
2b57be16a1b802c69de6742a1ec49527,20,343.55
2b9e2e02951cbf0f3386b55b303d7105,20,194.0
2bdbcfe52167db778aafe8f5c41b2dd7,10,381.8
2bdfd377bde21a29eafd9298bff9cd23,20,176.95
2c19df728bf168fa48b7592e1ba1a218,12,314.75
2c57dc3c587c73e643e570106ee6c6b2,5,273.4
2c9020413f1e9874756f0d7fcc743307,20,143.15
2ce53a590d5af666dc9c4af17eb4f1f5,20,341.25
2cf8e66d9d9f38703f5e09b7bd82899a,20,320.2
2d1688ea5fe9eda664f3bbb9ac5be483,17,242.23529411764707
2e4991d4ab04f57117292e52f1499207,10,368.5
2eed60335dfca2142fc5614a5eb7db23,20,225.8
2f7659057ac18cec06f228771699be7f,16,202.25
2fc951490d5de2f5b9d81b27748f2244,20,125.6
301ddcb76b9061b666c8b0f473a4f74e,20,259.0
306d882e0042897d8227593f29c6f1f7,3,273.0
30b3972ded9afdaa750cbbeef330fe74,20,105.45
30be2c0135b893806656db162ab9750e,20,204.85
31535dd5ca8ee557209a804807032aff,9,295.44444444444446
3164e04d211736d6dfc9eedf75212e3b,5,289.8
31c3024050ee6f3e44c85eceae251db1,20,271.05
31e638f409c4a93e68f461daed035811,7,391.0
32005c79de70508fac7f3f02f0e9bcb0,20,261.6
321ca92fc7a5d3611502d8ef70f63d04,10,198.6
322011edb460cec3a2834d1f383b4ec2,9,331.77777777777777
3224ce08b64026f63f278020c0e0aaf3,3,379.3333333333333
32425c95b68c7566691ee1cdcd2cf059,1,151.0
325edfe3c45a789a37855388fb453463,20,160.55
326615f796f68a086a7460d4f41ae806,20,275.75
33a2455e6803dd9aa77a4090dfae83f8,5,285.8
3431652539e74854f532354fce307481,20,282.65
345347689db70e13d4f160e28428f934,20,140.5
34bfe048772e22905ada401f52cc5c1f,20,134.15
352adb5a53498de53161649383b7d10f,1,398.0
352d6c6589d10485af73efe4b2df8660,13,375.53846153846155
353cde491172cf1f6f0e038c29f9ca2b,6,417.8333333333333
3557bec6e2c20690d2c912e713edad35,4,418.0
362ea9895aa80d510e35a6b2db618a6e,6,346.8333333333333
364cabb5949c7690cffca04ee3c6a4b5,20,178.15
36c6491aa1b52e5ef7005f984738de27,20,204.9
36e1885d1b188abf64ab361cead330a0,3,365.3333333333333
37dfd0b2993501a80fdf81e37768141e,20,310.8
38238b5d9c81bafe6555b5fe7eb6ab32,1,455.0
388667308b5ef2108146c41196454cf2,20,248.65
38a5272f540008af3bbca0d281fa3f9c,20,122.25
3907c9dd03e1eb2b87e60ee8e44cc076,20,109.85
39391f1d45e21ceb2210994e89150e87,9,335.0
3944bbaf9bac2bc4ad72222245d22821,20,292.7
395bc79dc1a781b7f0fbc6a8771a6431,20,170.2
39752185bee108a7c529c25dbf2b1ae7,20,152.45
398a688b86aabbf789c6f4edb8b20ed0,20,254.05
39bb125f5342525e2cea093e9229bdcb,20,124.5
39d3bcb78e9df0ab496ac8cdada9c487,20,303.15
39d5940820ab0ed37b58ac3d361fbcde,1,36.0
39dfbf1650c05e4f21a3b196818c4d71,20,240.1
3a7a78052221b7419bf882adc170ff26,20,132.95
3abdc1b0a911538a256467510b0dcc50,20,249.75
3b1de0977d358e47a8b291dacb47d7e0,1,432.0
3b4a73a47e3945e6cef8fab5884ef3c1,20,346.85
3b68c4d1d045cce05c61b82a5e01f74a,3,169.66666666666666
3b9c7e1bff3ad65480d4cc4f0db4deea,5,276.4
3ba6a488913f98c46cc18cf4d705307a,10,406.1
3bbd92b465a669a54d22a0572cae31ec,8,330.875
3bd57cef60c5c378037d8aa5fff647b3,20,226.65
3bd58a7f78129d50b6cb591e8c09e7ec,6,296.1666666666667
3bd59c26478ccd5bc045f81ecdba6b8c,5,227.8
3cbb64215b647b4779187f72b150a036,20,171.05
3cc8af25d891cb13e3301e4a612d0383,20,141.95
3da178370890fe8edbd73af1c48b6fa7,11,277.27272727272725
3dca829b40cecd52c3e06acebea5951f,20,298.65
3dee6dd50b00ebe97be68a34fa0c1590,1,89.0
3e138c9acff07bff5f9e684c01bc564f,20,188.85
3e9ae210eb17e6ce24315a63bb518c96,12,352.0
3e9e4f67f3381c248e404a31a444593e,20,359.85
3eb37cb8a699cd468d39ad83ce2fac44,10,322.1
3f96b2645151bb4a3695fa84d6f8b627,15,365.1333333333333
3fb98eb97376c1da65b2d35fd12cac36,20,177.1
40fc8b5a7473dd5b8756ffa4d8dea70d,9,240.22222222222223
412b6c7d157d69fcf39a8ec8a1269c69,20,163.4
416cf5d02e2213626d5df87e159af93a,20,261.55
418bd63d28f955ad101225a533e2d210,20,295.8
41d92490034349d51e263a02a71c3e1f,19,300.7368421052632
41f56f083e02c93ad0bfa351507e0d76,20,341.95
41f8b2e49339317de23ae563e66fe4a6,13,282.0
4248074bfe0e352b10c588b4c6db0b87,3,268.6666666666667
4249917b3ff262f4cd831f8ea34cf74e,20,291.35
425d72b42e841857dfef54441255aebe,20,340.8
42b60afa952aea78d096fa06e12612a6,3,270.3333333333333
42d228ac4871096ae20cb29c7448d2b9,20,135.95
4305e5423bfd66cb4d828b645ace9548,20,292.6
444448176f019fa75930cba6037f6ed8,20,322.4
44adc0060274b501029d4c79042c349c,4,276.25
44f7a71595e30cdf16f93b486d023a14,18,364.44444444444446
44fb5ec63a50a382b4262c30f5470c86,20,351.4
4551aa0c28a4c11259bac3e7b49b85b8,15,347.8666666666667
455793faa47701a1b0976870a26dd747,20,169.5
459a47b1564339d4d32dc9da3da0ede8,4,250.5
45e640a085d42dd6f43cbd4a625f5b3a,20,250.05
45f58d2bbe9530b531b4d156490598a5,20,237.05
462e77d533503e90f53675acf2f9ddcc,20,318.25
464e8b5950aee06c1eeb53605b286e92,20,301.55
46848e4320c219c86a04854a602c2c17,4,344.5
469ae7d7a28665f3f945c3a1aa53cc0d,12,386.1666666666667
4752f08cc123b7e93771ee25c318efee,20,232.25
479cc99b9e487485a4e8c2bb77e8bb37,14,348.0
47dd2eba27370d96d603b586770b1144,20,294.0
4828f2ad827ab646816d1ce9253d108a,4,456.75
48358d12d83653f998be0408f938da97,18,275.5
4863e13ad31f9c44326032df3c09519b,13,360.0
493092e194cdb2aa10e0cd3bfd2c2e49,3,145.66666666666666
49a34fd07d2a10bef806a1abcc921a87,2,200.0
49c9b3c0647532585351cd5b45c8f5d0,20,365.15
49f7e809b5fb920424075b4bda4e64a3,14,329.5
4a0edadcaf1f36efd17948fdf1407120,14,331.5
4aead5b6002007d40c34c9a53ffecbdf,20,127.35
4af2cac7b06da959e95f682684c3c873,20,129.65
4b6efdd30179188052f992dbcad75ad1,2,328.0
4b7937d6c536aba86ee455f92ae10f9e,20,232.05
4ba1659b4edb0baa99268a208f028b86,20,222.55
4bc7ec27e8646cc8b33932be911bef47,4,358.0
4bcedc187f3fcb947aa53ad9fec7a98e,20,263.4
4bfe6036ca7f73099ee53ae7a4e6c916,20,343.9
4c350343992eb4f790978494b56ffc13,9,367.1111111111111
4c422c0fa82a3c9954a411ba87f52901,5,206.2
4c6a7259f4fe191d54ac8c6935dfc171,10,240.5
4c6ee625de158c398332f0bce7a5ee9f,20,351.55
4c87345d7a652a966f526460dfa264c5,20,93.45
4cb50bc7e3ed79928cef296e135b1e84,2,238.0
4cc8089699bfd944c99c4fdef2e3c6ce,20,162.05
4ce15c387a972cba5e0f347686a5bed6,12,354.0
4d1355baaff5d1f22441110f464bde78,20,258.9
4d32a1403841620b767d02ff74cc90df,5,299.0
4d7a62e76ec32939ff122c582158f615,20,148.35
4dfba1c78f4c98769c58749cb8f10472,20,225.25
4e1cd6aa776d6e4078886c39f454b29f,9,285.22222222222223
4e548a6ff33b34f3967f0d7fd8253e02,4,330.75
4e5a6ca40d9348f973223d6171d2313c,5,304.2
4eb6a7d930a5d9c5c9753519ec1b19bc,20,208.55
4f7122ff0a65f6b0f748847178dc2385,20,282.5
4f76772acdaee349b83fd96ae4a049a9,3,438.0
4fa106ab418963333d979c1b65bd5a9a,10,251.8
4fb0196e6cefd3c0304f2f7497e1d53a,20,366.25
4fbafd8f80ff042d7fe3cb4b46400514,14,186.07142857142858
4fcf65252b1e14139bb15ff7919eb2a1,6,367.5
4fe6b12b4792320f5835327e055c9a92,2,181.0
50599e71f7478e502a9c196fcfe67fed,20,159.45
508a89286045d9bc7e8188522a328f63,20,176.45
50a77c2c01f04fd939f274c40a072a2b,4,442.5
50c7a3c71c9a25b9d307c147a9bc259c,20,193.5
50ee08de38ded52019cad64b2be46375,20,228.8
510a14e4eb76249f0477e2256b4eedd7,20,271.25
517c47dab7563036263420e5eb1526a6,4,134.25
531dfca0ea4152da1c5e60b7fa74ba1c,16,318.0625
53a067639d877bfe105996a58bc1aa3a,3,361.0
53a6c61dff2c34e3657ab034e9a28613,20,165.35
53a8648320bd3ee8e57def99cee00506,4,256.5
53c1f268a42a26ccc0c1843e1bb3173b,20,474.0
546bc36b10be0b09de4a907c9d60ad78,20,122.85
547ab119cebc72d0946478b608c38625,2,316.0
548d982f0a3ef288c42eb4e689272c61,20,236.75
54c733d7d8544eccca80eee264ec4ca4,3,461.3333333333333
55afb3990a73681697287d73d2c86ee6,20,143.15
55b2fc45773186e8e236159616692417,2,424.5
55d65d7aebf43cb52ab73c81ed816d06,3,317.6666666666667
5628b95a789420240f43c4f870c685de,5,450.6
5678ed90f0af2bf60b25261bf16f6c70,20,307.7
56d206a7935ae8644b2226b997a1c20e,6,111.0
56f6981157213c1883fb23044b9941c6,11,334.0
571e32ac022c08851f830d0b8e390799,8,399.5
574b1db790571630c58fda311493e626,4,263.75
576e0d3e08c4c2a9ec39b3228ac9b91e,7,307.2857142857143
5782e71fd4ba8263a67de59b093dc320,20,326.6
57c201651dba51666c7f98afb887cb07,20,267.75
57c9e2c0d97d5d8848a9c103080638be,12,305.5
57f4749e2c996225ef4731412ce38ac0,6,231.66666666666666
58bc069d3319c0c45a22b8a5c0ee3e81,20,193.25
59b08308ac750ef4906d41534ec834cc,20,361.7
5a1a7b87aa778fdd439fe21cc643e051,9,314.8888888888889
5a47426cb02dc841f67915d35b3ada54,1,243.0
5aaf47dc0e0960e251b829e0aa574ed7,4,274.5
5ad09b42649304cdf005bb37671e1ee1,20,324.7
5aed9bf24e62ea6202a7c08dfac25c88,15,358.73333333333335
5b7a4c0ffaa2aeb1b8583498e113e81d,20,185.6
5b9ad55443ed6b09dfdee5336b56b41b,7,364.2857142857143
5bafc76ba951cda36747404c4e860a79,20,244.45
5c11d3959c0abea9f83d3f82a8b9f28f,8,313.125
5cb87d5d59d651e5e35ce4b61ef529a2,9,345.77777777777777
5cdcb583260b3e0d0c4a9387fa47b1ed,20,298.6
5d34923536095ea13e134f9d89da258f,20,195.0
5d7af4efa540d693503f32ffe70ce9be,20,93.8
5e219951bdd2ea7897e2001c87d0187a,16,370.8125
5e32fab9110f792cab5784b893f3a1af,20,345.65
5e44234da20ef8bc4c365034b45e23d1,20,250.1
5e4cc24a6bea5e106ac0ca40faaa7e69,4,231.25
5ebce3031e8053df89900bbc869e5364,20,184.85
5f462acfd90871dd996460ef16c841c7,20,332.2
5f60ea5366a7410c07d90272b7943a55,20,241.9
5f87ab3bfe9c4289033da69a74957d0e,2,354.5
5f9ee7ef505fcaa9b3ce8c4202aa02df,20,276.3
5fc280895d73433263120a63fda937fe,10,364.1
603595c5f73a76caeaaac16fab5d95e3,11,387.8181818181818
60757962881868240449ddef3419c70f,12,271.5
613cc8b818f9b140d1ad437ec1ab4589,20,275.95
61678095fd99ad09bb74525c4ef948a2,20,190.5
6194bc5aa55d462f6e7cbe7c657858ed,12,281.6666666666667
61da15b80b82561752f3270693c5165c,20,156.85
61e23ca8769692894c61ba5597a71db4,20,331.1
6251ff1e68672d14ccd94dd4d5d86680,20,329.8
62894251196baf97dd65e5e8b42ae6e8,20,255.95
6293616d8cd965f97d230104de1b8083,20,259.95
62a29075527f21702be0eb6acec62701,17,333.1764705882353
62ae697614fc30933f67aa117dcae40a,4,248.5
62d6a7a6a6c371e0661512337840a3a4,1,401.0
62f2158455e02b627217bff86692c592,7,374.2857142857143
636183b074c59d10b7ef068230b11fb9,20,231.75
638db20afe40bf00a77633fca8ebfee9,5,328.0
63b38e64250435468c4f2982e222f8e1,5,359.6
63c25a074954b752156b8c981b4e1f99,6,203.33333333333334
63d26eacf7e8f19a45c9e101b6f71ddd,8,409.375
63de8e2869ba1c19473b4f0820d45595,3,191.33333333333334
640d14022c591db6a1679357a53f1468,20,134.7
646251f11c7b329e6e8c3ffda4989d8b,7,304.85714285714283
6519c5d1680d22eeac3d3693a42d99f1,6,230.33333333333334
652ad3b12fb975d8ad9c97a0e2a51d5a,4,414.75
65449142f26853132d689c41a44ceae8,7,333.85714285714283
65760befd4ada3a69730e59ccd0ee09a,1,382.0
658bb3c7434993bc7278b948e197aded,18,427.27777777777777
65f5707d61306518123222b4680bc282,15,262.6666666666667
65fcf6251f8e1caef9d4ec19d3c37f64,6,332.6666666666667
660275cd7d4368cc7590f1606c633bd6,20,127.85
662e5de818ea47b2da5296790a8093cc,20,222.55
66617bd74517390afa5e9bbb70c0c005,20,334.35
667794df885562752e3112b7c43ac609,3,287.3333333333333
6687fb585a268ce2773a3bf177d018d1,20,210.45
66bb98a5d35f74c7cc6f5951b7c78e4f,7,396.14285714285717
67238639a0c8e1f08538b0473cd10170,20,356.75
677d6d820690fc67eefaad1eb537fd07,20,133.75
67fb44bf786b39d711a6ae1ac3a0d865,15,401.06666666666666
6830d20837ee0a702a0d46d406d28adc,20,144.8
6854cb59f24f653adfba864ecd063aa2,2,336.0
6866c654a6dbffa8186d1495a5ebea63,3,47.333333333333336
68b6a3057a7949a29efdcf354f4032ee,15,397.3333333333333
697199804c97b180becfd187b65b9c9f,20,105.05
69a08dbed51af2b02c0fa031734ae809,4,332.0
69d16a3ba682305cb780815926ca26bb,8,365.125
69f583a85e1a83b443c203b781bfc0c9,20,111.7
6a842356c5017c283342c979fe0cdc92,20,159.0
6a8a8cf1c82c71f14bb2fb57e2638f23,20,155.45
6abe8bad875ce4bfacbf6cead9668f0f,20,236.3
6ac14e0691e3edd1674ebcc9afbc8b01,7,244.28571428571428
6b17e4dc2ab5fce81cada468591bde1b,20,375.05
6b3cc39f2823b3bc828df4ba3f621e00,20,137.9
6b566fd6a50d2693ee4c6a56bbf20b13,19,306.63157894736844
6b7ea7cc5013f7f835b634e857ea2576,20,143.9
6bf6f9b33cc3ebac3da51dc1874356f8,11,231.27272727272728
6c2c990f9a6adf65b44e70566133b06c,11,297.3636363636364
6c397727f5e53deb724f7c3ab07255ce,14,385.64285714285717
6d09185c43a07f6f17c75c291e67a6f0,20,192.4
6d0a3c1b3a79bb42f1125970e00cd5b1,20,250.1
6d0d4ec4ff60fa59df916117019f8aca,3,334.0
6d172bba2f328b3b0948620207ccc7bb,1,461.0
6d475e50d141a4d51a03418b69df9bf0,20,388.05
6e3570378de8c1eab67ca40818e30a41,8,237.875
6e94d95dad598b7c8fd380e55b289caf,20,303.95
6ecaf7d11d573ebfe1e6d00703d11552,6,251.83333333333334
6f14a073d6fabe8288b7861b4c2dde4d,20,322.95
700cf042fd8763ec6c702d94d5b6689b,9,278.77777777777777
70475af0b93d4680578b50ab491a9dcd,20,108.3
706aa9cbfdd3690017049a4f1239f340,20,148.6
707f0ea8ffb8042e9dd22a3c6c3b70d3,20,191.65
70ae8857f4c625db59ce02479110ed5c,2,395.5
7137a250bd6bd7df717f83d133ac328d,1,470.0
713b7e9b854709ab3bd4a267b17bc522,7,343.42857142857144
716fdaa5bf3096b22e6411f8a3b26ce7,20,361.75
717d2e9c629bbcc6ccf5d9c5fa405422,4,362.25
71d855a7c33b5531d13a837561672f85,3,414.0
7214c61eb7f8d875d6db8db935ad16ea,20,215.85
721d4295690082912ec62a1f820d096f,20,246.6
7244dde4977180daca1765d2c6c82c1a,20,375.0
72bfd647b3d2b650546f42319729757d,3,276.6666666666667
72f618e3939e7198ce6fd85de4fb2a19,20,230.0
734e36f9bfc759c9c5b1b9b44a85966e,13,179.46153846153845
7372f7ed2ed2e266bdc479ac49bc6392,10,232.6
73eda86efde149b545d1e7646de05cd6,8,293.75
741858dd605085ce6f58f4958dbc069c,4,412.75
741db2af6fcc3e2144a41caa2918f1dd,2,493.5
74779778d60c41418071fab5fe857943,8,259.5
748cda93c263ff091980aed944d7c284,8,420.125
75023ccddf56d5202475493c401ff58b,14,284.07142857142856
75029d868bd65133941f05b6d4fa2daf,5,370.4
7543b75689956b4471302f386d8830be,20,105.35
75c51541f0823b6f326f9425fb92eeb6,20,348.85
7604e670cfc2466b147af4ec89f5dba9,3,306.0
7605c2a4d1ef1dbf854d9c5edebc5623,7,419.0
765d7ab045b2fb1beb8a1034fb01171a,6,364.3333333333333
76d6ac391db2e789d1696e32fccf92f6,20,329.0
7758064a8883d2200c4ef11ea582fc3a,4,389.75
77be8b3e222ca95757ab876157bb30dc,20,294.2
78053e93f53c34b23c0e471b6cb0ce9d,18,229.83333333333334
78f0ea4a741954f89ed7cbc892fe355e,12,383.3333333333333
79049dafd23566f16daa8d039dea6ebf,20,139.2
79494cc7a2ab112490026cf733a0aa60,20,231.3
79648258923bbd7c3ead41c36ebad5fa,20,108.1
796a9f355c39aaf2fcedeae95260306f,9,378.1111111111111
79817ddade43d27901df8f29feaebc39,8,185.75
7989dd78fbe51e4ba6b4271e384057fc,10,386.8
7a293e38d7d7eba3bd8a92b53d216cff,6,419.8333333333333
7a50f09abc2d0051cefd3510ca4f6af8,6,331.0
7a656eb406afce1faa73c89dd333cb9a,19,370.42105263157896
7adc2514e6030d829771cf37f89883f6,9,285.6666666666667
7ade71dc0f1e89d5e60fa41449efd516,20,210.75
7aebcaf0d07b120a38e159b6f308a24f,2,341.5
7b28024fd4c90ded38fc0447771d1ca4,20,133.2
7b71605bd83572e8804e860f434f1055,11,292.3636363636364
7bb4b84d386bf3aee6996fba386037dd,3,154.0
7bc3ceb14255cea368936b1a214a8e45,17,307.0
7bedad3f528849a1cc130a3a0ad67f35,12,416.0833333333333
7c116c44d814279d54202eeec81ddddb,20,237.8
7c1b0523756e972a564a67a123642ce4,20,149.55
7c32f3b5366899daa12d5a2315c5eb5e,12,321.9166666666667
7c70b0925ffa57853ae722df0ada209d,20,93.35
7cce3c616ae862530bddffb636ed1245,5,203.2
7cf7a3c35c5b1626b57baa1f39a46fc7,7,239.85714285714286
7d14da79b7fb565de3c4e3aab7959cac,20,313.8
7d46737bc62cbce4b6a71965083bf0aa,20,411.2
7d68da9aba0e8491df38056b9799bb33,7,300.0
7deaa6511276ea56c7a8b337c6f3f64f,20,136.05
7eae977392f4943944edb063ec733913,4,247.0
7eaed8b1ce01c3b8b10f735b4258e1a6,4,262.5
7efa78a8dd2857118f16799136e57d97,20,261.3
7f4f5b2c35bba06031ea6d8caf8cdc15,9,323.1111111111111
7f9fe9f5d556950490dbbce4341bf692,19,266.7894736842105
7fb17e275b3e5006964621b39f5decbd,20,257.2
7fd636e659af1d5153733fa80f0b0259,16,266.6875
802c2ec80bcafd464dd2c20569192bac,20,82.8
8037d65d35f208b76f93abe35a081726,20,281.4
811457b09c0eb3b7a0b3609323f57542,4,347.5
815c7df219d6937348c91d460fd1ff44,3,368.3333333333333
81835dccb50d8900b00cc0a3ea1b480f,20,238.6
8264f7e6e2ecebe559e097f8500efbca,20,199.1
82cc3be4d76f16ca475536a6e07461c5,13,329.9230769230769
82ee2a45c5d1d863e364929fd6d516e5,12,355.4166666666667
82f49b8988992baa16b26be90036cc48,4,170.5
8326ad85524fa7fa9e741b0cc595d098,4,265.75
832860f26bd8716c883200eb861e3ab7,15,292.93333333333334
833dc25517cda4c4c9f036f25dbfe2a9,6,361.3333333333333
836b75cadfae4525d1e93a008e1ac003,9,170.88888888888889
839b54eac6c8b3e1f24c9427392c7456,19,375.2105263157895
83a66bd66da62b3668815713aad56886,20,219.15
83c42810a42105ebf9f7d8297dda190a,13,186.23076923076923
83d07a416ce0edf43f1cda66480ea525,5,274.4
840b364a02437d2254bca51beebb36d1,20,110.0
8442c4ca65d48c4f5bcee947f08e4e66,6,426.0
8455566569887bf983b617299adcc509,20,199.1
847cdf2d6dcf0c6ee6453b06828c27c5,6,241.16666666666666
8542668edea287199e426da7ff5708ff,11,297.1818181818182
85531326f9e29994cf18c81558db9fe5,20,205.4
8569736c023d7713fa1054b1dc71a704,10,456.1
85a4ca21846039b0db2988e1fc559bec,20,370.05
85ae63e650e620f403ad900a2f1659ac,2,402.0
862dcb9c957597a18cfec10729b53a88,20,125.75
8642ef554ba06b7a257b6876473acaef,3,415.3333333333333
8680c2c22674be06c18897967d07274d,20,125.75
86b17d9fb66679a15cda2002b45003fe,5,235.6
8757ae370040254a6fddbec701b4f463,19,207.3684210526316
87bf1cff2cd651ba546aa04cfd5885c7,1,388.0
87ed906858c98a1c048ddd92dbbfb99f,20,322.4
88300bdf814ae123e515c6ceb97632e7,20,151.6
889aa7f33903113c75fe25cc62773762,6,256.0
88cb58243c5bb76b6a8f796ec76f7594,13,335.15384615384613
88de0ba474d1d950ec32feacb9c50d61,20,258.1
89788ea539d9cd4327b34050ee3a37aa,1,196.0
89894b4d62ba4bf8ee24db691986876a,20,224.65
8a24a55a96155cb2e3f2786b53b23ce5,20,300.7
8a258ed78afb57f3980301e5f4272f4e,12,265.0833333333333
8a5da1c02ad5003a97fd26053387b75d,2,346.0
8a5ece7901703661f4245e63fcbc43a0,6,298.3333333333333
8aa19138e54fae304dcd6f0088db07c3,2,266.5
8ac0a10397b9d887d54e77c92c6e0704,20,352.15
8ae106c7b71f9c4a8f753c79cbe1603f,20,179.0
8ae2d0c3c6bfb29c5614921e85221107,20,243.0
8ae3e4d2cea361a6ad7f35890c20cef8,20,309.7
8b16cd408c6adee5f72d6e5d91bc2b9d,8,229.75
8b9656878ad17b3cc088ae149cfb4db4,20,278.75
8c3e8bbf15685f205ba044dbeac4960a,20,339.7
8c400039b23c8e1a28d56eb56839d072,10,393.2
8c98afa17b727544b37cc38c9b3eb7d8,12,345.0
8dad4b40d92a3011cb023c1c528191b2,2,247.5
8dc299d87d5dca642216529fee9cf4a5,7,354.42857142857144
8dddaa7bf06a939488bfd798deb7356a,20,117.65
8e08e33c06191a0c2829ddf5b9d61c6a,20,311.05
8e290744ca3d0c0757e250aa7c672952,20,193.2
8e960ee01aeaabf154ed0de7706cba84,20,160.9
8eec90436ac1776ceaa543c91768b1eb,10,174.6
8efb5a0805e2a3e9ffaaff30fb84d12b,20,275.85
8f38bed6dab71436cabe43dea498c8c1,17,248.1764705882353
8f6c459b4b2a75cca8a922c54e428b4b,7,410.2857142857143
8fb4901e0373b487626367a6769c39c8,9,438.8888888888889
8fb6d3f09a95459113a0443a000f0650,20,208.7
8fcd41cbd6e222329635f52fd9483abf,20,364.6
90dcdec8a24bbebc3623e953a325fe87,20,211.8
90e1e26dae92c0c18fcc2b2f42bf8d29,2,64.5
913102cbb3c43815c7bb81f673c11d42,1,370.0
91a138f95bde5c11382cfd13a0592bb2,20,129.45
91f54316743038b64cb4513fc966719b,20,144.2
92252d871abdc921fc8db0a357e3c30b,3,334.0
926717bde39d39c0c976174efac8fed5,20,197.85
934c01777da99558c71fb7d884c0b0fd,8,289.25
9350bcbab43b4de151270d168c433fd4,20,219.9
94a6f7a1e328b502771a17b9dfcd9c1a,20,340.55
94f0907730110876e32469948420e270,1,337.0
954587d475db54a99cebce79a4fca361,19,416.5263157894737
95504a5ff3c0ec0999cf8e0c951877e8,1,138.0
95955d408c6251a86e2fcb6171005488,6,243.83333333333334
95d35880272524a320150f452aec864a,2,329.5
95f3d2a11576645b02bba246ee638c70,5,272.2
966ff4cc12699f3245b2d35bf3545975,12,396.4166666666667
96e532d57ab471d1dad575d37727422e,20,139.65
9712260998320ee7dcd6d35e7a421f74,20,201.85
976c79edc3cd47343926232066d31bf3,20,288.4
976c7a662cbb97f7b31266ce845aad80,9,372.8888888888889
98312092b109c57ace33074adefa1be0,20,224.45
9836aac1ee4659e9103ab4a3ac10c9e0,20,317.0
98dc497008cbacb892a567bcbf7b20c5,20,318.4
98debc7d7f46b9c14f2dd7ddd691a471,20,290.4
99c4b4c392799d927cb96804b2c91d9d,20,109.05
99c56b488e272275ff3b92a0984f3129,20,128.95
99fbd521c0096dc0e66c1cd1eecfeb86,20,318.55
9aaeb514f62c04faf6c442e0a3c422ee,6,403.0
9ab6202dbf3499a56b0b70e5f1f929c5,20,246.95
9af471a77a41e1bdde69ab0533d721ec,16,326.625
9b279b4355888cdc79c1b55692276c67,1,216.0
9b28f0b919bfbb8a12134e8ba5e803b5,13,400.2307692307692
9c1724253d344954f4ef565a3cabf695,13,302.0
9c9262aaf918fbcd0d3be28262ecee73,20,334.05
9c9d20e0d3c9e34a8bde7fa2580c83b9,20,340.4
9dbc225970bc3623c91fd503d77751ef,20,173.75
9dc3f36d4a7f1f9976cbea59bcf51be5,20,315.35
9e14f767f2b4a27fdb60eaa003c0d181,5,348.0
9e9b183acee751ed5cfa1d04cd97ec8e,20,167.35
9ec9e861166baffb0aab35c7505c9cdc,20,160.3
9ecb8a131a495aaf4da25f65ecba463c,20,183.75
9ee74f8bb62f38529fa85da832fdfed4,1,616.0
9f33776b7261015fee19f746343fd39e,20,301.4
9f499059b795e09782c2fca675a5e382,11,309.90909090909093
9f8b5a5097e54b755691624a27a320a0,11,431.1818181818182
9fb78d650ece38b6e76275edd7cb9c91,6,423.6666666666667
9fce8c378d9e1fc9d96999ff50a71f6a,20,294.85
9fe1f930c99391967580f0ed55b2abf1,20,222.45
a00db472afa6e0875cce0d13acf03632,15,313.1333333333333
a01a766cd59d574f65c3df1156e4758d,20,144.7
a04b3cfbb0f4b24f0cd893c4d14659ae,3,323.0
a0b71d10079c772cc2639c5989535d77,8,376.0
a0c237e497f0a79fb0bef7a378783ac5,20,121.6
a0dafca2160e6e43d700ba63c07a7af2,20,350.2
a0dcbc97c71262de24323d811f6d5ec5,1,407.0
a1394a9fba3bb9ca30ac16fdc183330d,1,63.0
a1b65581aa5133626e7e8a750ff053c1,4,439.75
a1be5dde43074cbcb300df4a0e8a5b1f,1,193.0
a1ded48e42e6fb03da399602be3aab17,10,344.9
a1f9cebdd401aea7a5b09334d0ef3f17,4,455.5
a21caaa374c42a52a1ceceb09f6f70f5,20,107.55
a275d1e1d0b9582f2b705053e47f7c98,20,123.45
a2c77dac23ba3efc4ebf6465682c33c3,17,321.7647058823529
a2da7f5b772dab9f756348a7f21c1984,1,333.0
a2eae86531d1cf24446fa7be11ba88cc,2,385.0
a32471d03692caf9b1e31170af54a864,2,376.5
a33d8959b599b4b728df9fbd1b3f14c0,20,288.5
a34cc3468b10501d8bb865bbc103b71f,20,116.3
a36022c8b30dfe8be395ec96e8e69a69,3,262.0
a39ecc2edf78db413094a4f6e7c898e8,20,253.2
a3a7c5013570835afae29db254bcf8a9,16,399.1875
a44871a432bc65d33bfb1ed04dab02ca,3,233.66666666666666
a4587d02411ea6ab69af7d1d5f8fa987,14,200.14285714285714
a465545cc3fde727328974c2b546967a,20,314.75
a4e4f7b442333ce69f2c3744db0b6653,20,369.2
a55042c1563ddaefa910fdd0553e594a,14,324.57142857142856
a57bc720128ed8a9099da4e5b069f3ef,20,449.5
a5bf54a0a5170740df9b714919d67714,1,433.0
a60103d42e48821d72d007fa171081f9,20,208.35
a62673db1aed74d788b1b30ab280f441,20,124.45
a6682584b339fc068c23a34c7581b297,11,298.3636363636364
a6899662e587b726d27269ee56047382,1,428.0
a6bf77e4bebacc670f33d24738bcd9e3,18,378.8333333333333
a706cefa3aaa0d91b4855e107481c27d,20,252.7
a7113db37138c4a7d739f937cb814b18,9,284.44444444444446
a73cda811a2e58130e1bc92eb8261bfb,14,191.28571428571428
a75be8f4ffb85d6f4a0996617a2d7f0d,20,189.05
a75f61cc35fc749366c8e6ef816fb8a0,2,246.0
a7f948d13af46099ebb555d4d25d4567,20,241.9
a829d7ffd9fc7790630d17dbbbf27641,3,321.0
a8be54003fb16d9cab21bd7c5e9c8f66,20,110.6
a8dca6a7c9f8451b38af2eee446736df,20,183.6
a9142a6ec00960d46f5da6ad36796ffe,3,366.0
aa4100b71e77eb483a5d173547e56ab6,12,370.6666666666667
ab124a371b47462db18406e94236bbcc,20,138.55
ab1868ee3fe4023a2b0c08f15b18c556,16,345.875
ab80e2f4c922bcac89121cb2d46a0ee4,1,380.0
ab865ab695ca69089498736e6bac9a16,4,362.75
abb3423acb7a7fb732c04e14c19760ff,17,409.47058823529414
ac023980748426fdbb7ea233b5043dc6,1,52.0
ac4e6691d6abacc0db1730d36a2f3bca,20,193.7
ac6fa8afc91dfeaaf3749f5894324039,20,201.45
ac7000b84127f7ac259b09f99eb297ad,2,365.0
acc4b1f571eb7759bb379065dbac82ec,2,451.0
ad02c113d53bcf71879ead7fe067e381,20,119.2
ad8643c8952977ff8292b56e216ef499,11,379.1818181818182
adb004781a03da2f7dba921537e42913,20,181.05
adc5b3c5210e6c83999a5655ee04508e,9,413.6666666666667
ae2661a53424bd85d491258251149dda,20,120.6
ae2d2fd03a56ad8c31f66852f3fa9023,19,302.8421052631579
ae879e0ebd76a6a27ee078846f565a59,1,475.0
af3c523a75204799f9f0c1975f211a22,12,302.75
afb936a3ae54566d7c227dc5b6ee94f3,20,148.5
afc7ce1ffab5746a791185d5d949148f,1,305.0
b0381355980b997f549e79274e38c1d9,20,286.1
b0892c18a6bbcd4a699d1dcc4720c7e5,5,311.6
b0b6c3a809801a02bced4c84f8ce3e8f,19,304.10526315789474
b0d05e909fdee92a5a247fd7d5f60023,20,257.0
b0f4cfae8d6efd744b142c7f3140e5dc,20,254.85
b15109d9282a8fb0f2bf73265d357c8d,20,309.45
b17c1462a40c242a182e48fe9202146c,13,288.53846153846155
b26ebb4f244243cf33368f2c4a795a74,4,312.0
b299bc3f5212ba3e717cf5916ce62b37,20,171.45
b2ec17e4a837798a2d7b405b547592c2,20,160.5
b2ff5e1c2db5294d113db231f95c8bb9,4,230.0
b3150d5e0b8ef9db81b4ff8588f3ac46,20,298.35
b3595b16fa264069717263de34d8abab,20,226.4
b3979ab42095be4a4e44978bb9f21b58,8,373.125
b403b750b260047ba702ad1b98fae6ac,3,207.66666666666666
b43e650c8729a68e3a7858fbfbe57cbf,10,310.5
b4d7848efa570de415e957a27cd538df,20,110.65
b4fbb8b48efd8db883969898b6dbcf0b,4,270.75
b575803863daa30f30a36d475b72895f,20,247.0
b60f0612abb6b56c0a4a48f129b947c2,20,197.9
b6c0432a91ce5a1297c6eb059948f77f,20,322.8
b70ce7493bae1388aa38f66e6e8434f1,13,296.38461538461536
b73710100fe1a3264b69eb01257177ec,3,350.3333333333333
b7664c29e84839606e88152819b3ce55,20,295.85
b767d130089cd5ac36a11c564e2d0267,1,448.0
b77888871c6837a551022c5c739042ac,4,373.25
b7ea33e5396a99849c76067836da7f21,20,410.85
b87c6ff463f044ad0fdd9408e86155b9,20,357.4
b8d3de5b902c4b274f7fffee62009ef9,3,380.3333333333333
b8fa3135508e1b6500591a38636be02e,20,336.35
b8fd284c50ae29e21c723ed19a64e6f5,5,408.6
b9117de1de8554c3101d11846e3211bb,9,414.1111111111111
b9d14281ceeaf9913a820adab2e125c6,20,176.1
bad24d2594ee98a4efaff5132822ee7a,20,192.2
bbc440214ed13ddb8a0aeb3951c418ce,13,363.3076923076923
bbc87f203ae21f34f247ea86ab6520c0,4,303.25
bbd0507948c345b315c33e411ccbb398,20,351.55
bcb4cb220d447617196eb88ca36b448d,20,267.45
bcdca0295c5c26ad7854aa6c9aabc46b,6,423.0
bce7b8c455a182bf65813779652c3c55,20,227.8
bd3c4f3d5a12f6b17fb87437962b7c52,20,86.05
bda8780c4268245e217ce13d0a80b5f9,20,187.1
bde04ef3459c5b0a53c33f33f75a7308,20,128.95
be09bc279c96cc29bcbaedb02192d382,10,281.6
be34b298444d9accfcfb99227574a84b,3,364.3333333333333
be64bc1dc5c943445f9ce0bcdb6b790b,20,323.05
be7eb9139288d63ecd637cbd4d52f05f,12,178.83333333333334
be81ff208d6924d4baa6817fb7771d35,20,123.05
be964bc3df463cd6bc50cbb16cfc26e8,20,140.85
be9c873b6a7a17a56d9b813b70e29367,1,115.0
beb0d2c89beb0eaa3b7a329c71dd3e15,7,280.7142857142857
beead9a4a745fb0890d2c9f494359f33,20,335.75
bef1cd8d8fbd58d5a277f6e9b4b414f4,20,82.8
bf3572165cf77cebfc435be3e622aa1f,3,300.6666666666667
bfbe27bd89264f5821d6d0c7f0d2e765,8,370.75
bfc27d829d7ce8c0f9e55b1cab901cbb,19,277.2631578947368
bfd327f113e8c0444550291f93ef8e59,7,251.42857142857142
c0153a3fcdef50b1562def26f3382a3d,19,307.4736842105263
c04aaf55e87ce8ec71aa53384eaa6ca4,6,292.5
c0bf44a23aa9fdfd893bd437866dbf2a,20,351.95
c13785be4dd8faede96de3b7eb26a343,20,371.5
c1e8c752f25766cc62221e37260d1d6b,20,132.45
c3e33911cfd4f366ea6d4284fd5eb057,3,420.3333333333333
c42929dcdbfe4a38f068a2fdd3da946e,7,309.7142857142857
c4696d5aaad9c2258574e6d29b8962fb,12,362.9166666666667
c5173198219774b0e350777ba50ffa43,20,224.6
c5250f6977dfa97a640d19abb2b60f8e,4,159.25
c56841567707d1812755ec56f2ad2895,20,168.35
c57dd75c9c28e325882f666e1fe30c7a,20,282.75
c583a0496180bc349ff1fe8590b71e24,1,269.0
c59df927ee7bfdafadd3d5cd1d72ca2f,20,134.3
c5b56e13becf07370e378095341c5d62,12,329.25
c5f193110503c57e1c5f624c8c64f286,20,222.25
c6315ed8be3d1b1db4e1743fd8cf702d,20,226.0
c6dc272f499d12fba46d2afbc8108410,15,415.26666666666665
c752d8b62e9fb1db8cab2c9b414c8ddf,20,172.7
c799ff1b7971723fea262952f298e8af,11,343.54545454545456
c7c82cf193fdc50ec1a106c90cb51544,16,280.0
c7fced9152f09d65773fea6dfd9ddc21,20,148.15
c8588601b705f3ffdb2d705d22908c82,6,366.1666666666667
c880851121db1fa958f384beacf8f566,20,165.85
c88d99600dfdb7def182b0ffdb114c0d,20,336.2
c8a056ab2cd7fad6b3f7c9d0254046c4,3,318.0
c8a7d37a65570e41ab00b550e01ed19d,20,166.8
c8aba35f90d2eeada8a20ea7915c943a,20,372.6
c8d08d39283a0a6c4fb9427e7fc65137,20,130.4
c91d47b7a498fe1a3016800f0678f419,4,178.0
c91fa33a4fe66a418c93d36c60b34f64,20,318.35
c92038710900443b2d1f173dc7e75c11,1,338.0
c9e9fe27274a30074192edf2943a819d,5,388.4
ca310b4e06822430d8bdff6e621a4a1f,20,204.95
cabbcb2310a23cb9394df1d78a9b0fc2,3,423.3333333333333
cb1d736547a9e93d8e3427b1f232a0f9,20,150.65
cbd672a65f66f7bfa419431d60aea030,4,459.5
cc211dcba4ef94c4a141a37ef87da2aa,8,272.5
cc88d8f8a364b686cdd744b1eafedeff,20,331.2
cd185bcb977059337ef71026ca9f75bf,3,175.66666666666666
cd4c0fdebcb37039488e28460460af01,20,345.65
ce07562033e4ecc1a2ed18864bc3e612,4,392.25
ce50c1b0bd794f0889717822a85717a6,11,353.72727272727275
ce541d236b1fb3391edee931485e6ad7,20,174.75
ce9dbfc9842d2eff631cf5898df68683,18,427.22222222222223
cebdd81cd194840f09e6c07f1f7198a4,1,217.0
ceeee095fe01cc6d589d34da5826d646,20,326.4
cefc5afe09efc11756e70a7d5f0b7c39,20,159.2
cf6e1409b292b38da683ba44e51a4843,20,289.65
cf89ce8fe2aafb11df3c7a2262e6013e,15,369.93333333333334
cf904f3a2aabf3bc55007083c13b0a42,20,372.85
cfa85c0d171620de658d1fffcd749528,20,185.9
cfc09f1f86e151cf8778b662a3d3650b,5,354.4
d0fc3a82ee0af511ffda9618f1263b84,18,323.27777777777777
d1b2cfa6880b5a93fe58c3e3bff64109,16,216.875
d1eb9dbf4c1a611d1a93aee1569053d5,20,397.3
d2d233d7e6e100a2596281248ceb5191,10,236.5
d345b6edb36a6fa3658bf6a3220de6f7,20,372.6
d3558b2c5095f9e8e3d86f382916a789,20,132.85
d3704f871b846c3ae0fc8b1a863cb8d5,20,277.7
d396617f8d34e1100febd7cd446e790a,18,243.38888888888889
d3a51b0b1043d0371d4803848c5489aa,20,337.9
d3b6f3327b6e20c1b95cef748885233c,9,301.6666666666667
d4345764b089475d1b3409fd7165ed34,6,321.0
d4c04b40e9e9aacbeb9780332c7eb158,3,415.0
d5031342ce8178f56bdbf0e99a25c210,7,273.85714285714283
d5193bc68b01855a79fd8c694ef2e2f9,20,122.8
d559e70599d080114bbfdebeb62e9b18,2,327.5
d5689456bbada11a02e0a17b675f2544,7,379.42857142857144
d57940b77a62f7a447df3d64a43c6792,20,308.65
d5cabb62a2e8c8ea9bb454ef7aeb8dea,17,331.11764705882354
d5f8970c51111a8acd3612e60a278f47,5,389.4
d602e1e76924a883778045fd886151df,20,311.1
d6260b445fd12c05d79f9ca717d9fdf4,20,233.9
d63041391198f1496b84b02d71a3ed90,19,326.2631578947368
d68c60c044800e509408d2a6b712af2c,6,251.5
d6c3fafac0ba50db181823baf216ba98,20,343.1
d6c6e63d2c2821556619377f1518eac6,20,191.45
d6ff1c4cb864d2d50b5d9ed8097dfb17,9,308.8888888888889
d7126053edd1477261341a6b305b990c,20,190.2
d7d0fd23d1159d63c5914a07010b2104,20,191.25
d7dff48f13093c3bfd51b409f6c99ca1,20,185.05
d7e8052f2ac0e21591dd6e3ef0692a0c,4,438.75
d7f6bfbc28cb883fec3bf8652faf9e52,20,208.25
d81961450801e6c7a09c6bc9d4ab8eda,20,206.05
d876da4cd1a0b45465c15ce25aa2f3d0,20,245.25
d8a6e075a65538af4f3e56dda39843bb,20,286.15
d8aac20d2698ae2a8b5d0af82d1c8f5f,20,273.7
d8ac60832620f12504ad9c6af60e41ec,1,470.0
d8bf2d80c73cf09dbfd6b7f76d063424,1,401.0
d91563f1329dacd26318b07d7242afdf,20,233.1
d953df55ce2e1380f9348b449c98d4c5,20,381.75
d9fdeeb4d94f016bff5cd776466d6a30,2,356.0
da1ab58356d77121fb79c5c0bf4fcd03,2,340.5
da27eab572c11ebfc1efec08f497bab5,2,315.5
da5f7ede0484d9eb36444471bdba6827,1,498.0
da72de25c3456f019602b435caa4ffaf,20,144.25
da9d819c5793ab21686aabdea6f2e030,6,220.33333333333334
db4441fd581cfcb6f8e8db97253117bb,20,163.8
dbab0580c518f74b2ada9ef05f950048,1,168.0
dbe6f3be853e1100918aa06b6418eb86,7,326.42857142857144
dc8a8b448fa7f1018b21065bee6f4b7e,1,204.0
dcf3b29b6fc30a0bc50964db1228f0d3,20,177.25
dcf562a48dbf1433a9c7d0f59850a72a,20,153.6
de23a3de08f421f5202e7d7a1799f05e,20,211.8
de47bdda50a0b713a267c0bd08d0a959,9,276.55555555555554
deb13451bd5ea6dc7edc042c646cdee8,20,129.65
df284d02a5abe2ca93e5885f5718f0f0,3,241.33333333333334
dfaab1117322af6f88c48893144bcf6f,5,377.4
dffd7ae90953dd62b4787c3c9e57bbe9,20,172.35
e0afa56b1f0aed7bb8db942a343a4b67,4,344.5
e254efd043e05eb2cae496c2e3ca6bc7,20,115.45
e258f7121ea3d797a8ed6f9189b3e124,6,308.8333333333333
e287c24d95d9f0e3767d167d83ecebcd,9,341.3333333333333
e2b99409a7260b74d305e1a5fd4fd0ab,17,336.5882352941176
e335f2f5ad674c200bb9795ee863749c,4,360.5
e39b2990521714e01d4fb710f8d264d8,15,327.26666666666665
e3a57ced3cc7ac8a1fa0c918b9351522,9,333.1111111111111
e3b7f4aa2eafec3a2b77734d9bd35614,7,429.85714285714283
e3bc8082b32ea4f2d9185551c9e96782,15,329.2
e4333373e0d5a2a552bbf61124909de6,8,441.5
e494f766f99df39612ed455e2179c252,1,208.0
e4a9707c059a06976d9a4c0d2df4803f,3,322.3333333333333
e5073e9271f19edd8b15d012a493c997,3,307.0
e54f9915e7f4101f9af94890b7ed419b,20,302.35
e59b690dd831bd4a6e8637c8dccd306b,20,262.4
e5d56566aeb8e899b5d5fea50d0b2734,1,390.0
e61bdf615b9672bd815d52f210429d3c,5,305.6
e64a882ebb68a6efea61667b1cb0a4dc,20,304.75
e70051a13465431ea81f30bf8b890772,8,310.5
e71036c3bdeb0765305e4bb03bf53127,2,317.0
e727397bea9429cbc9b8d450c34d97d0,20,144.75
e7cf848f2c4a0ef5407cefb7b9099d52,20,209.2
e832ef78ba9baeec1363c42d43fc1ee9,19,275.6842105263158
e865e05e652994c47b501cd7746f68d6,11,230.63636363636363
e8aa2e0708e7988d653b71954682b1a3,20,114.7
e8c5c767edf29ab8d55c36a572d9b2f4,17,417.6470588235294
e93b83be1cb86a502aeb0db65b20079e,2,266.0
e94b458c7bfcdec82de8ea63eb87f6d1,20,321.15
e95067978a97245dd2385973f3f02eaf,2,390.5
e98c03195d75c8cae6a64fb2fe8e184b,20,199.25
e9c0abb00a58a362e54447527ff36542,3,459.3333333333333
ea4d52ca3fb9cacf1c912989b03d0944,6,356.5
eb0fd4c2ab7be34b815978bb8ebfbe65,20,174.45
ebf264e5f3baddba6e40eba2fe7351e7,16,319.125
ec4f12335ba5b2dbdcef9f6eb3536135,20,102.2
ec7d4db74bf3f133baaa3e13ff20d11f,20,228.6
ec8426fffaf4299ed6724923251aa640,11,257.0
ec88c71e93af806a96e593c15c69c254,20,212.55
ecca689a6824c36494cb6c66b9aab3a6,4,417.0
edde889fae7031ef9951452b3d46c13c,5,444.2
ee43e83128a1380f7aa33378bd66c56e,20,175.75
ee5fad14aca9da942d8485553a54c2da,20,187.05
ee6ad7e94cd47718c9f03d9248357f5c,5,364.8
eeda0f4010f34ca2199f3585a76fef66,7,248.28571428571428
eee215b746837b09750466e36b96e2b5,20,102.05
efd0f237800e412805e3242c7d4a8702,20,244.5
efd89dd6cc7db7e7ea67a4ccb75372a1,3,216.66666666666666
efe7c56e36749af8000e9ef4ee4fc883,9,410.0
effefa0f14c517d8e55f61eece0d2456,17,412.94117647058823
f046d7c00aae3ff92c702141f6475fe9,20,78.95
f06063d509814af631ff3637dd0ad8bc,20,380.0
f065f00d09ed459c5d9a0076383dc3e0,4,289.5
f07d83b19d7555633ed07b8705e1439c,20,254.8
f0aeadde961c7d845b9a1b6aeab78eb8,20,266.9
f0aed79f067fad49c9ac4f53a5f5887d,20,199.55
f0b60c5370b9eff2809c32f5c499a5da,2,259.0
f13d405b30529ff1257c61bf913a0754,5,440.6
f163f77a25ff90ee28683c57264fbe9b,10,416.0
f1fd0fcb11cbc72149b27b4a6cd6f887,20,228.3
f210d97ed65fb371d9dc9194d704d32e,5,439.4
f2498d8d29d546f48e46b3b783f5d07e,3,382.3333333333333
f287b99d3b1011f3ce2a2db77e0feee9,20,152.9
f2ceabcf431e79ae367e832282b28e0d,6,265.0
f2d6d41e38a65211b2fd584441f2187b,20,284.75
f3137d7a13f223d22a94a847fc537ab1,2,277.0
f332a5c6e3f7fc73096885d6efc0f829,20,167.55
f3c11c65ab9fbd6e9863e537a8b57a1a,8,271.375
f3d6fc9a29dcf325857808f090757c65,10,241.6
f3e8bbaffc3930bc19681467b42595cf,3,474.3333333333333
f428e5ce2e9da558d0ce0580ce99f8a2,20,84.6
f4e7cf8f0c06cc8cf5418cbb230876e1,1,497.0
f4ecabed1cc5d24dc4d5641aba401496,20,108.0
f52b02167c65df5dd1ffe91bc7b7d30a,2,462.5
f542176bf7e4e0f28f80cb1d57e323ec,20,390.8
f579de6a5a33991af59a9ac22eee6f95,20,205.3
f59884dc043cf535875c6042eb59dd39,8,153.875
f627ae5f3cf5f0cb11342d1f31799a48,20,311.05
f637d93e69b10a014aa14b90626113fb,10,268.8
f6ab2306a49dab9b89f6c9b84ba9db2a,20,324.2
f76cd926206a1cd0b4e196175097bca7,19,402.2631578947368
f7b1f88c4f4e3231537dd0a5a7397287,20,315.4
f841f00a51ce7d08ecd1ec2f960bfd83,20,409.3
f8811dea344a1f08179e2c0043523810,20,207.45
f8a0ae729a9fb295579ee66a3a5c7066,20,221.5
f96bda2a028ab52608d5ebf488929bfd,20,174.0
f9bb106633ce38eeec6728faed3155ad,20,320.85
f9cf3e6c91e86cf471029dd10f61f34f,14,277.7857142857143
f9cff3cd7959287708ec2346fdc9f24c,20,247.3
fa2468286cdd8248a5fa9d0c6b0bf5d3,12,201.25
fa5c754a52303327c38b54956e044594,20,207.15
faf37dc745f8802b34a0c53f2f55a079,10,314.4
fb0e0b07f01088a5b79550e0d0c02700,20,151.15
fb645db9b2cdd11157289f2b2cdb539c,8,271.75
fb88f8d82067a1df86928727c6fadfc0,6,407.8333333333333
fbd5b291bb804cf32f317da60aa87eaf,20,142.35
fc430af5953c2b59fc1d63e5ec7a84d3,20,212.4
fc76ef32a2323d60d759e2229379418c,20,276.35
fccc47cfce1447df0ad26a52c8702dd6,1,454.0
fccd62f25a7dcb4f43bf9a6a18e805be,20,207.0
fcf521742737747bbc93616c66e48b2f,19,245.42105263157896
fcfc74103d76278470783dd40eb081d7,11,223.1818181818182
fd1821200e01192b443a7ebf048f894b,20,204.85
fddada5adc997290212b3f540c017274,10,351.7
fe456c3448f2888742b4b48986626540,20,265.8
fec442e5bd4a6d1999980029e905394e,11,326.3636363636364
ff0bca964dd3c7895d6efbe7911a6af5,2,214.5
ff57fa074079c8cb3d2bfeffa3adc4bf,16,278.625
ffb74f094efc5f559700c6b2431da637,20,166.45
